{"nodes":{"node:1":{"location":{"x":-93,"y":140}}},"selection":null,"view":{"scroll":{"x":-77.4829864501953125,"y":-309.560791015625},"visible_rect":{"max":{"x":343.356109619140625,"y":707.25244140625},"min":{"x":-103.3106689453125,"y":-412.747802734375}},"zoom":0.749999821186065674}}