{"nodes":{"node:1":{"location":{"x":20,"y":20}},"node:10":{"location":{"x":850,"y":20}},"node:4":{"location":{"x":420,"y":20}},"node:7":{"location":{"x":610,"y":20}}},"selection":null,"view":{"scroll":{"x":-116.136054992675781,"y":-205.962005615234375},"visible_rect":{"max":{"x":741.7279052734375,"y":1220.075927734375},"min":{"x":-232.272109985351562,"y":-411.92401123046875}},"zoom":0.5}}