{"nodes":{"node:1":{"location":{"x":-53,"y":44}}},"selection":null,"view":{"scroll":{"x":-110.035003662109375,"y":-97.7644729614257812},"visible_rect":{"max":{"x":224.964996337890625,"y":468.23553466796875},"min":{"x":-110.035003662109375,"y":-97.7644729614257812}},"zoom":1}}