{"nodes":{"node:1":{"location":{"x":-53,"y":44}}},"selection":null,"view":{"scroll":{"x":-111.880271911621094,"y":-101.613349914550781},"visible_rect":{"max":{"x":178.495773315429688,"y":590.7093505859375},"min":{"x":-89.5042190551757812,"y":-81.290679931640625}},"zoom":1.25}}