{"nodes":{"node:1":{"location":{"x":-53,"y":44}}},"selection":null,"view":{"scroll":{"x":-104.343917846679688,"y":-104.976570129394531},"visible_rect":{"max":{"x":92.2624359130859375,"y":294.009368896484375},"min":{"x":-41.7375679016113281,"y":-41.9906272888183594}},"zoom":2.5}}