{"nodes":{"node:1":{"location":{"x":-93,"y":140}}},"selection":null,"view":{"scroll":{"x":-221.858596801757812,"y":-169.9075927734375},"visible_rect":{"max":{"x":113.141403198242188,"y":670.0924072265625},"min":{"x":-221.858596801757812,"y":-169.9075927734375}},"zoom":1}}