{"nodes":{"node:1":{"location":{"x":-93,"y":140}}},"selection":null,"view":{"scroll":{"x":-204.127349853515625,"y":-251.485336303710938},"visible_rect":{"max":{"x":194.227951049804688,"y":873.4139404296875},"min":{"x":-302.9451904296875,"y":-373.2291259765625}},"zoom":0.673809528350830078}}