{"nodes":{"node:1":{"location":{"x":-53,"y":44}}},"selection":null,"view":{"scroll":{"x":-130.022918701171875,"y":-241.467987060546875},"visible_rect":{"max":{"x":243.365005493164062,"y":710.62451171875},"min":{"x":-154.373489379882812,"y":-286.68988037109375}},"zoom":0.842261970043182373}}