{"nodes":{"node:1":{"location":{"x":20,"y":20}},"node:10":{"location":{"x":850,"y":20}},"node:4":{"location":{"x":420,"y":20}},"node:7":{"location":{"x":610,"y":20}}},"selection":["node:1"],"view":{"scroll":{"x":517.495849609375,"y":-172.12847900390625},"visible_rect":{"max":{"x":672.99725341796875,"y":429.2476806640625},"min":{"x":344.99725341796875,"y":-114.7523193359375}},"zoom":1.5}}