{"nodes":null,"selection":null,"view":{"scroll":{"x":353.91546630859375,"y":-417.684173583984375},"visible_rect":{"max":{"x":770.4244384765625,"y":297.806732177734375},"min":{"x":350.95855712890625,"y":-414.194488525390625}},"zoom":1.00842523574829102}}