{"nodes":{"node:1":{"location":{"x":0,"y":0}}},"selection":["node:1"],"view":{"scroll":{"x":-39.38494873046875,"y":-127.1624755859375},"visible_rect":{"max":{"x":656.61505126953125,"y":720.8375244140625},"min":{"x":-39.38494873046875,"y":-127.1624755859375}},"zoom":1}}