{"nodes":{"node:1":{"location":{"x":0,"y":0}},"node:11":{"location":{"x":500,"y":0}}},"selection":null,"view":{"scroll":{"x":-41.2443389892578125,"y":-407.6507568359375},"visible_rect":{"max":{"x":1045.5113525390625,"y":608.698486328125},"min":{"x":-82.488677978515625,"y":-815.301513671875}},"zoom":0.5}}