{"nodes":null,"selection":null,"view":{"scroll":{"x":5.78607177734375,"y":-94.20947265625},"visible_rect":{"max":{"x":440.78607177734375,"y":617.79052734375},"min":{"x":5.78607177734375,"y":-94.20947265625}},"zoom":1}}