{"nodes":{"node:1":{"location":{"x":20,"y":20}},"node:10":{"location":{"x":850,"y":20}},"node:4":{"location":{"x":420,"y":20}},"node:7":{"location":{"x":610,"y":20}}},"selection":["node:1"],"view":{"scroll":{"x":7.87610626220703125,"y":-103.3778076171875},"visible_rect":{"max":{"x":532.8760986328125,"y":534.6221923828125},"min":{"x":7.87610626220703125,"y":-103.3778076171875}},"zoom":1}}