{"nodes":{"node:1":{"location":{"x":0,"y":0}}},"selection":["node:1"],"view":{"scroll":{"x":-16.12872314453125,"y":-81.0250244140625},"visible_rect":{"max":{"x":523.87127685546875,"y":633.9749755859375},"min":{"x":-16.12872314453125,"y":-81.0250244140625}},"zoom":1}}