{"nodes":{"node:1":{"location":{"x":0,"y":0}}},"selection":null,"view":{"scroll":{"x":-46.2334671020507812,"y":-74.26922607421875},"visible_rect":{"max":{"x":711.67315673828125,"y":647.75408935546875},"min":{"x":-53.6960105895996094,"y":-86.25701904296875}},"zoom":0.861022412776947021}}