{"nodes":null,"selection":null,"view":{"scroll":{"x":1039.754638671875,"y":-575.2431640625},"visible_rect":{"max":{"x":1302.0675048828125,"y":299.957794189453125},"min":{"x":744.78192138671875,"y":-412.0498046875}},"zoom":1.39605247974395752}}