{"nodes":{"node:1":{"location":{"x":0,"y":0}}},"selection":null,"view":{"scroll":{"x":-165.963653564453125,"y":-87.5748672485351562},"visible_rect":{"max":{"x":858.21929931640625,"y":720.8382568359375},"min":{"x":-240.988906860351562,"y":-127.163810729980469}},"zoom":0.688677549362182617}}