{"nodes":{"node:1":{"location":{"x":20,"y":20}},"node:10":{"location":{"x":850,"y":20}},"node:4":{"location":{"x":420,"y":20}},"node:7":{"location":{"x":610,"y":20}}},"selection":["node:1"],"view":{"scroll":{"x":-8.26226806640625,"y":-108.397705078125},"visible_rect":{"max":{"x":676.983642578125,"y":495.4697265625},"min":{"x":-11.016357421875,"y":-144.5302734375}},"zoom":0.75}}