{"nodes":{"node:1":{"location":{"x":0,"y":0}},"node:11":{"location":{"x":500,"y":0}}},"selection":null,"view":{"scroll":{"x":41.63360595703125,"y":-325.476318359375},"visible_rect":{"max":{"x":807.5115966796875,"y":515.364990234375},"min":{"x":55.5114822387695312,"y":-433.968475341796875}},"zoom":0.749999940395355225}}