{"nodes":{"node:1":{"location":{"x":0,"y":0}}},"selection":null,"view":{"scroll":{"x":-11.6825408935546875,"y":-293.2481689453125},"visible_rect":{"max":{"x":828.42333984375,"y":711.669189453125},"min":{"x":-15.5767230987548828,"y":-390.99761962890625}},"zoom":0.749999940395355225}}