{"nodes":null,"selection":null,"view":{"scroll":{"x":-106.973258972167969,"y":-147.377365112304688},"visible_rect":{"max":{"x":642.7103271484375,"y":752.83953857421875},"min":{"x":-142.632781982421875,"y":-196.505599975585938}},"zoom":0.749990642070770264}}