{"nodes":null,"selection":null,"view":{"scroll":{"x":9.5366363525390625,"y":-23.53143310546875},"visible_rect":{"max":{"x":460.53662109375,"y":612.46856689453125},"min":{"x":9.5366363525390625,"y":-23.53143310546875}},"zoom":1}}