{"nodes":{"node:1":{"location":{"x":0,"y":0}}},"selection":["node:1"],"view":{"scroll":{"x":-17.7333526611328125,"y":-433.11468505859375},"visible_rect":{"max":{"x":2089.066650390625,"y":1127.541259765625},"min":{"x":-70.93341064453125,"y":-1732.458740234375}},"zoom":0.25}}