{"nodes":null,"selection":null,"view":{"scroll":{"x":565.94189453125,"y":-74.5926971435546875},"visible_rect":{"max":{"x":657.96136474609375,"y":306.271575927734375},"min":{"x":377.294647216796875,"y":-49.7284698486328125}},"zoom":1.49999988079071045}}