{"nodes":{"node:1":{"location":{"x":0,"y":0}}},"selection":null,"view":{"scroll":{"x":-84.2625045776367188,"y":-36.346649169921875},"visible_rect":{"max":{"x":756.2723388671875,"y":567.03955078125},"min":{"x":-92.65948486328125,"y":-39.96868896484375}},"zoom":0.909378111362457275}}