{"nodes":null,"selection":null,"view":{"scroll":{"x":134.026748657226562,"y":-243.377365112304688},"visible_rect":{"max":{"x":964.04766845703125,"y":624.83795166015625},"min":{"x":178.704559326171875,"y":-324.5072021484375}},"zoom":0.749990642070770264}}