{"nodes":{"node:1":{"location":{"x":20,"y":20}},"node:10":{"location":{"x":850,"y":20}},"node:4":{"location":{"x":420,"y":20}},"node:7":{"location":{"x":610,"y":20}}},"selection":null,"view":{"scroll":{"x":226.247802734375,"y":-204.556182861328125},"visible_rect":{"max":{"x":791.990234375,"y":528.739990234375},"min":{"x":275.990234375,"y":-249.529525756835938}},"zoom":0.819767415523529053}}