{"nodes":null,"selection":null,"view":{"scroll":{"x":-162.355133056640625,"y":-284.73504638671875},"visible_rect":{"max":{"x":853.28973388671875,"y":854.5299072265625},"min":{"x":-324.71026611328125,"y":-569.4700927734375}},"zoom":0.5}}