{"nodes":null,"selection":null,"view":{"scroll":{"x":-192.087844848632812,"y":-834.103759765625},"visible_rect":{"max":{"x":1373.2747802734375,"y":405.93084716796875},"min":{"x":-128.058563232421875,"y":-556.0692138671875}},"zoom":1.5}}