{"nodes":null,"selection":null,"view":{"scroll":{"x":441.91943359375,"y":-144.2958984375},"visible_rect":{"max":{"x":876.91943359375,"y":567.7041015625},"min":{"x":441.91943359375,"y":-144.2958984375}},"zoom":1}}