{"nodes":null,"selection":null,"view":{"scroll":{"x":-41.24432373046875,"y":-407.6507568359375},"visible_rect":{"max":{"x":1045.5113525390625,"y":608.698486328125},"min":{"x":-82.4886474609375,"y":-815.301513671875}},"zoom":0.5}}