{"nodes":null,"selection":null,"view":{"scroll":{"x":-140.029571533203125,"y":-594.7974853515625},"visible_rect":{"max":{"x":1376.1279296875,"y":405.93084716796875},"min":{"x":-130.912002563476562,"y":-556.0692138671875}},"zoom":1.06964647769927979}}