{"nodes":{"node:1":{"location":{"x":0,"y":0}},"node:11":{"location":{"x":500,"y":0}}},"selection":null,"view":{"scroll":{"x":-32.9732208251953125,"y":-248.377349853515625},"visible_rect":{"max":{"x":741.3782958984375,"y":618.1712646484375},"min":{"x":-43.96484375,"y":-331.173919677734375}},"zoom":0.749990642070770264}}