{"nodes":{"node:1":{"location":{"x":20,"y":20}}},"selection":null,"view":{"scroll":{"x":47.4327774047851562,"y":0.077086128294467926},"visible_rect":{"max":{"x":356.438720703125,"y":636.08770751953125},"min":{"x":47.4335708618164062,"y":0.0770874172449111938}},"zoom":0.999983310699462891}}