{"nodes":null,"selection":null,"view":{"scroll":{"x":5.37930965423583984,"y":-344.7945556640625},"visible_rect":{"max":{"x":293.58624267578125,"y":244.803665161132812},"min":{"x":3.58620691299438477,"y":-229.863067626953125}},"zoom":1.4999997615814209}}