{"nodes":{"node:1":{"location":{"x":20,"y":20}},"node:10":{"location":{"x":850,"y":20}},"node:4":{"location":{"x":420,"y":20}},"node:7":{"location":{"x":610,"y":20}}},"selection":["node:1"],"view":{"scroll":{"x":-21.926422119140625,"y":-90.0020751953125},"visible_rect":{"max":{"x":658.7647705078125,"y":519.99725341796875},"min":{"x":-29.2352294921875,"y":-120.002769470214844}},"zoom":0.75}}