{"nodes":{"node:1":{"location":{"x":0,"y":0}}},"selection":null,"view":{"scroll":{"x":-87.6824417114257812,"y":-294.248138427734375},"visible_rect":{"max":{"x":727.09014892578125,"y":710.33587646484375},"min":{"x":-116.909934997558594,"y":-392.330902099609375}},"zoom":0.749999880790710449}}