{"nodes":{"node:1":{"location":{"x":0,"y":0}}},"selection":null,"view":{"scroll":{"x":-41.0804023742675781,"y":-377.710357666015625},"visible_rect":{"max":{"x":687.8944091796875,"y":829.721435546875},"min":{"x":-54.7739944458007812,"y":-503.614959716796875}},"zoom":0.749998271465301514}}