{"nodes":{"node:1":{"location":{"x":0,"y":0}}},"selection":null,"view":{"scroll":{"x":9.81951904296875,"y":-147.148193359375},"visible_rect":{"max":{"x":567.81951904296875,"y":514.851806640625},"min":{"x":9.81951904296875,"y":-147.148193359375}},"zoom":1}}