{"nodes":{"node:1":{"location":{"x":0,"y":0}}},"selection":null,"view":{"scroll":{"x":-38.534637451171875,"y":-20.21673583984375},"visible_rect":{"max":{"x":718.46533203125,"y":563.78326416015625},"min":{"x":-38.534637451171875,"y":-20.21673583984375}},"zoom":1}}