{"nodes":{"node:1":{"location":{"x":20,"y":20}},"node:10":{"location":{"x":850,"y":20}},"node:4":{"location":{"x":420,"y":20}},"node:7":{"location":{"x":610,"y":20}}},"selection":["node:1"],"view":{"scroll":{"x":-48.0052490234375,"y":-60.8376274108886719},"visible_rect":{"max":{"x":476.153289794921875,"y":769.29632568359375},"min":{"x":-64.2084121704101562,"y":-81.3720855712890625}},"zoom":0.747647404670715332}}