{"nodes":null,"selection":null,"view":{"scroll":{"x":41.6334762573242188,"y":-325.476318359375},"visible_rect":{"max":{"x":807.51141357421875,"y":515.364990234375},"min":{"x":55.5113067626953125,"y":-433.968475341796875}},"zoom":0.749999880790710449}}