{"nodes":null,"selection":null,"view":{"scroll":{"x":322.70452880859375,"y":-154.574874877929688},"visible_rect":{"max":{"x":834.70452880859375,"y":557.42510986328125},"min":{"x":322.70452880859375,"y":-154.574874877929688}},"zoom":1}}