{"nodes":{"node:1":{"location":{"x":0,"y":0}}},"selection":null,"view":{"scroll":{"x":-43.2334480285644531,"y":203.730804443359375},"visible_rect":{"max":{"x":715.15740966796875,"y":970.6260986328125},"min":{"x":-50.2117576599121094,"y":236.614990234375}},"zoom":0.861022412776947021}}