{"nodes":{"node:1":{"location":{"x":20,"y":20}},"node:10":{"location":{"x":850,"y":20}},"node:4":{"location":{"x":420,"y":20}},"node:7":{"location":{"x":610,"y":20}}},"selection":["node:1"],"view":{"scroll":{"x":0.0668563768267631531,"y":-121.494110107421875},"visible_rect":{"max":{"x":550.755859375,"y":478.007904052734375},"min":{"x":0.089141845703125,"y":-161.992172241210938}},"zoom":0.749999880790710449}}