{"nodes":{"node:1":{"location":{"x":0,"y":0}}},"selection":null,"view":{"scroll":{"x":-198.963638305664062,"y":-128.57489013671875},"visible_rect":{"max":{"x":810.3018798828125,"y":661.30426025390625},"min":{"x":-288.906982421875,"y":-186.6983642578125}},"zoom":0.688677132129669189}}