{"nodes":{"node:1":{"location":{"x":0,"y":0}}},"selection":null,"view":{"scroll":{"x":-35.5080795288085938,"y":-46.432861328125},"visible_rect":{"max":{"x":697.08441162109375,"y":570.83978271484375},"min":{"x":-33.4718017578125,"y":-43.77008056640625}},"zoom":1.06083559989929199}}