{"nodes":{"node:1":{"location":{"x":0,"y":0}}},"selection":["node:1"],"view":{"scroll":{"x":-151.960311889648438,"y":-130.386795043945312},"visible_rect":{"max":{"x":961.50750732421875,"y":741.93780517578125},"min":{"x":-246.37640380859375,"y":-211.398818969726562}},"zoom":0.616781115531921387}}