{"nodes":{"node:1":{"location":{"x":20,"y":20}},"node:10":{"location":{"x":850,"y":20}},"node:4":{"location":{"x":420,"y":20}},"node:7":{"location":{"x":610,"y":20}}},"selection":["node:1"],"view":{"scroll":{"x":323.30731201171875,"y":-67.504486083984375},"visible_rect":{"max":{"x":1013.7430419921875,"y":760.66058349609375},"min":{"x":431.076385498046875,"y":-90.0059738159179688}},"zoom":0.750000059604644775}}