{"nodes":{"node:1":{"location":{"x":0,"y":0}}},"selection":null,"view":{"scroll":{"x":652.91943359375,"y":-463.7103271484375},"visible_rect":{"max":{"x":1613.2296142578125,"y":715.05450439453125},"min":{"x":870.56121826171875,"y":-618.2818603515625}},"zoom":0.749998271465301514}}