{"nodes":{"node:1":{"location":{"x":0,"y":0}}},"selection":null,"view":{"scroll":{"x":-33.542877197265625,"y":-143.592498779296875},"visible_rect":{"max":{"x":833.94281005859375,"y":651.2099609375},"min":{"x":-44.7238349914550781,"y":-191.456649780273438}},"zoom":0.750000059604644775}}