{"nodes":{"node:1":{"location":{"x":9,"y":-7}}},"selection":["node:1"],"view":{"scroll":{"x":-14.1287040710449219,"y":0.3082427978515625},"visible_rect":{"max":{"x":525.87127685546875,"y":715.3082275390625},"min":{"x":-14.1287040710449219,"y":0.3082427978515625}},"zoom":1}}