{"nodes":{"node:1":{"location":{"x":20,"y":20}},"node:10":{"location":{"x":850,"y":20}},"node:4":{"location":{"x":420,"y":20}},"node:7":{"location":{"x":610,"y":20}}},"selection":["node:1"],"view":{"scroll":{"x":-173.6370849609375,"y":-192.94482421875},"visible_rect":{"max":{"x":319.15057373046875,"y":382.740234375},"min":{"x":-231.51611328125,"y":-257.259765625}},"zoom":0.75}}