{"nodes":null,"selection":null,"view":{"scroll":{"x":-180.54150390625,"y":-585.23406982421875},"visible_rect":{"max":{"x":1431.45849609375,"y":443.76593017578125},"min":{"x":-180.54150390625,"y":-585.23406982421875}},"zoom":1}}