{"nodes":{"node:1":{"location":{"x":20,"y":20}},"node:20":{"location":{"x":26,"y":185}}},"selection":["node:1"],"view":{"scroll":{"x":-35.0458755493164062,"y":-264.4593505859375},"visible_rect":{"max":{"x":528.9541015625,"y":447.5406494140625},"min":{"x":-35.0458755493164062,"y":-264.4593505859375}},"zoom":1}}