{"nodes":{"node:1":{"location":{"x":20,"y":20}},"node:10":{"location":{"x":850,"y":20}},"node:4":{"location":{"x":420,"y":20}},"node:7":{"location":{"x":610,"y":20}}},"selection":null,"view":{"scroll":{"x":-69.5088958740234375,"y":-102.367469787597656},"visible_rect":{"max":{"x":446.4910888671875,"y":377.632537841796875},"min":{"x":-69.5088958740234375,"y":-102.367469787597656}},"zoom":1}}