{"nodes":null,"selection":null,"view":{"scroll":{"x":171.518096923828125,"y":-243.378677368164062},"visible_rect":{"max":{"x":914.0472412109375,"y":624.84429931640625},"min":{"x":228.69659423828125,"y":-324.51312255859375}},"zoom":0.74998098611831665}}