{"nodes":null,"selection":null,"view":{"scroll":{"x":-22.7141952514648438,"y":-203.20965576171875},"visible_rect":{"max":{"x":451.286865234375,"y":508.79156494140625},"min":{"x":-22.7142486572265625,"y":-203.21014404296875}},"zoom":0.999997615814208984}}