{"nodes":null,"selection":null,"view":{"scroll":{"x":-32.9731903076171875,"y":-248.377365112304688},"visible_rect":{"max":{"x":741.3782958984375,"y":618.17120361328125},"min":{"x":-43.9648017883300781,"y":-331.1739501953125}},"zoom":0.749990642070770264}}