{"nodes":null,"selection":null,"view":{"scroll":{"x":-0.0651092529296875,"y":0.081298828125},"visible_rect":{"max":{"x":403.93487548828125,"y":636.081298828125},"min":{"x":-0.0651092529296875,"y":0.081298828125}},"zoom":1}}