{"nodes":null,"selection":null,"view":{"scroll":{"x":-13.0327301025390625,"y":-308.527984619140625},"visible_rect":{"max":{"x":440.96728515625,"y":403.472015380859375},"min":{"x":-13.0327301025390625,"y":-308.527984619140625}},"zoom":1}}