{"nodes":null,"selection":null,"view":{"scroll":{"x":-349.556182861328125,"y":-548.3255615234375},"visible_rect":{"max":{"x":1683.2586669921875,"y":640.89935302734375},"min":{"x":-466.074951171875,"y":-731.100830078125}},"zoom":0.749999880790710449}}