{"nodes":{"node:1":{"location":{"x":20,"y":20}},"node:10":{"location":{"x":850,"y":20}},"node:4":{"location":{"x":420,"y":20}},"node:7":{"location":{"x":610,"y":20}}},"selection":["node:1"],"view":{"scroll":{"x":5.38042402267456055,"y":-151.120391845703125},"visible_rect":{"max":{"x":698.47442626953125,"y":491.4925537109375},"min":{"x":8.04074859619140625,"y":-225.841140747070312}},"zoom":0.669144630432128906}}