{"nodes":null,"selection":null,"view":{"scroll":{"x":-3.21392822265625,"y":-203.20947265625},"visible_rect":{"max":{"x":431.78607177734375,"y":508.79052734375},"min":{"x":-3.21392822265625,"y":-203.20947265625}},"zoom":1}}