{"nodes":null,"selection":null,"view":{"scroll":{"x":1247.5333251953125,"y":-386.37603759765625},"visible_rect":{"max":{"x":2415.37890625,"y":434.165496826171875},"min":{"x":1663.3785400390625,"y":-515.16827392578125}},"zoom":0.749999642372131348}}