{"nodes":{"node:1":{"location":{"x":20,"y":20}},"node:10":{"location":{"x":850,"y":20}},"node:4":{"location":{"x":420,"y":20}},"node:7":{"location":{"x":610,"y":20}}},"selection":["node:1"],"view":{"scroll":{"x":-75.91607666015625,"y":-103.460128784179688},"visible_rect":{"max":{"x":437.44525146484375,"y":710.05316162109375},"min":{"x":-101.221435546875,"y":-137.94683837890625}},"zoom":0.75}}