{"nodes":{"node:1":{"location":{"x":20,"y":20}},"node:10":{"location":{"x":850,"y":20}},"node:4":{"location":{"x":420,"y":20}},"node:7":{"location":{"x":610,"y":20}}},"selection":["node:1"],"view":{"scroll":{"x":-150.295242309570312,"y":-207.447265625},"visible_rect":{"max":{"x":525.4095458984375,"y":545.10546875},"min":{"x":-300.590484619140625,"y":-414.89453125}},"zoom":0.5}}