{"nodes":{"node:1":{"location":{"x":20,"y":20}},"node:10":{"location":{"x":850,"y":20}},"node:4":{"location":{"x":420,"y":20}},"node:7":{"location":{"x":610,"y":20}}},"selection":["node:1"],"view":{"scroll":{"x":-174.715499877929688,"y":-119.375640869140625},"visible_rect":{"max":{"x":708.28448486328125,"y":360.624359130859375},"min":{"x":-174.715499877929688,"y":-119.375640869140625}},"zoom":1}}