{"nodes":{"node:1":{"location":{"x":20,"y":20}}},"selection":null,"view":{"scroll":{"x":2.5366363525390625,"y":-34.53143310546875},"visible_rect":{"max":{"x":453.53662109375,"y":601.46856689453125},"min":{"x":2.5366363525390625,"y":-34.53143310546875}},"zoom":1}}