{"nodes":{"node:1":{"location":{"x":20,"y":20}}},"selection":null,"view":{"scroll":{"x":2.53662109375,"y":-10.53143310546875},"visible_rect":{"max":{"x":453.53662109375,"y":625.46856689453125},"min":{"x":2.53662109375,"y":-10.53143310546875}},"zoom":1}}