{"nodes":{"node:1":{"location":{"x":0,"y":0}}},"selection":["node:1"],"view":{"scroll":{"x":-14.12872314453125,"y":0.3082275390625},"visible_rect":{"max":{"x":525.87127685546875,"y":715.3082275390625},"min":{"x":-14.12872314453125,"y":0.3082275390625}},"zoom":1}}