{"nodes":{"node:1":{"location":{"x":20,"y":20}},"node:10":{"location":{"x":850,"y":20}},"node:4":{"location":{"x":420,"y":20}},"node:7":{"location":{"x":610,"y":20}}},"selection":["node:1"],"view":{"scroll":{"x":21.3084716796875,"y":-4.94012451171875},"visible_rect":{"max":{"x":458.3084716796875,"y":633.05987548828125},"min":{"x":21.3084716796875,"y":-4.94012451171875}},"zoom":1}}