{"nodes":null,"selection":null,"view":{"scroll":{"x":96.96728515625,"y":-330.527984619140625},"visible_rect":{"max":{"x":516.96728515625,"y":381.472015380859375},"min":{"x":96.96728515625,"y":-330.527984619140625}},"zoom":1}}