{"nodes":{"node:1":{"location":{"x":0,"y":0}}},"selection":null,"view":{"scroll":{"x":-68.6824493408203125,"y":-326.24810791015625},"visible_rect":{"max":{"x":752.42352294921875,"y":667.66925048828125},"min":{"x":-91.5766067504882812,"y":-434.997528076171875}},"zoom":0.749999940395355225}}