{"nodes":{"node:1":{"location":{"x":0,"y":0}}},"selection":null,"view":{"scroll":{"x":-15.18048095703125,"y":-83.148193359375},"visible_rect":{"max":{"x":542.81951904296875,"y":578.851806640625},"min":{"x":-15.18048095703125,"y":-83.148193359375}},"zoom":1}}