{"nodes":null,"selection":null,"view":{"scroll":{"x":344.4130859375,"y":-309.67474365234375},"visible_rect":{"max":{"x":957.47674560546875,"y":340.196746826171875},"min":{"x":413.546661376953125,"y":-371.8353271484375}},"zoom":0.832827627658843994}}