{"nodes":{"node:1":{"location":{"x":0,"y":0}}},"selection":["node:1"],"view":{"scroll":{"x":-86.9606781005859375,"y":-73.3869400024414062},"visible_rect":{"max":{"x":956.6434326171875,"y":834.35321044921875},"min":{"x":-140.991226196289062,"y":-118.98382568359375}},"zoom":0.61678081750869751}}