{"nodes":{"node:1":{"location":{"x":0,"y":0}}},"selection":null,"view":{"scroll":{"x":5.5198974609375,"y":-15.762939453125},"visible_rect":{"max":{"x":682.5198974609375,"y":572.237060546875},"min":{"x":5.5198974609375,"y":-15.762939453125}},"zoom":1}}