{"nodes":{"node:1":{"location":{"x":20,"y":20}},"node:10":{"location":{"x":850,"y":20}},"node:4":{"location":{"x":420,"y":20}},"node:7":{"location":{"x":610,"y":20}}},"selection":["node:1"],"view":{"scroll":{"x":10.6804008483886719,"y":2.49097824096679688},"visible_rect":{"max":{"x":338.944305419921875,"y":385.992767333984375},"min":{"x":8.54432106018066406,"y":1.9927825927734375}},"zoom":1.25}}