{"nodes":{"node:1":{"location":{"x":0,"y":0}}},"selection":["node:1"],"view":{"scroll":{"x":-46.2334403991699219,"y":-74.2692108154296875},"visible_rect":{"max":{"x":711.67315673828125,"y":647.75408935546875},"min":{"x":-53.6959800720214844,"y":-86.2570037841796875}},"zoom":0.861022412776947021}}