{"nodes":{"node:1":{"location":{"x":20,"y":20}},"node:10":{"location":{"x":850,"y":20}},"node:4":{"location":{"x":420,"y":20}},"node:7":{"location":{"x":610,"y":20}}},"selection":["node:1"],"view":{"scroll":{"x":-44.6926841735839844,"y":-66.5045013427734375},"visible_rect":{"max":{"x":523.07635498046875,"y":761.99395751953125},"min":{"x":-59.590240478515625,"y":-88.6726608276367188}},"zoom":0.750000059604644775}}