{"nodes":{"node:1":{"location":{"x":20,"y":20}},"node:10":{"location":{"x":850,"y":20}},"node:4":{"location":{"x":420,"y":20}},"node:7":{"location":{"x":610,"y":20}}},"selection":null,"view":{"scroll":{"x":275.990234375,"y":-100.394775390625},"visible_rect":{"max":{"x":791.990234375,"y":379.605224609375},"min":{"x":275.990234375,"y":-100.394775390625}},"zoom":1}}