{"nodes":{"node:1":{"location":{"x":-87,"y":-39}}},"selection":null,"view":{"scroll":{"x":-118.21392822265625,"y":-228.20947265625},"visible_rect":{"max":{"x":316.78607177734375,"y":483.79052734375},"min":{"x":-118.21392822265625,"y":-228.20947265625}},"zoom":1}}