{"nodes":null,"selection":null,"view":{"scroll":{"x":79.9672698974609375,"y":-330.527984619140625},"visible_rect":{"max":{"x":533.96728515625,"y":381.472015380859375},"min":{"x":79.9672698974609375,"y":-330.527984619140625}},"zoom":1}}