{"nodes":{"node:1":{"location":{"x":20,"y":20}}},"selection":null,"view":{"scroll":{"x":10.91943359375,"y":-139.2958984375},"visible_rect":{"max":{"x":445.91943359375,"y":572.7041015625},"min":{"x":10.91943359375,"y":-139.2958984375}},"zoom":1}}