{"nodes":{"node:1":{"location":{"x":20,"y":20}},"node:10":{"location":{"x":850,"y":20}},"node:4":{"location":{"x":420,"y":20}},"node:7":{"location":{"x":610,"y":20}}},"selection":null,"view":{"scroll":{"x":-88.34368896484375,"y":-214.423446655273438},"visible_rect":{"max":{"x":428.875091552734375,"y":564.76873779296875},"min":{"x":-117.791587829589844,"y":-285.89794921875}},"zoom":0.75}}