{"nodes":null,"selection":null,"view":{"scroll":{"x":541.0560302734375,"y":-234.460662841796875},"visible_rect":{"max":{"x":884.04498291015625,"y":382.031524658203125},"min":{"x":432.84490966796875,"y":-187.568557739257812}},"zoom":1.2499997615814209}}