{"nodes":{"node:1":{"location":{"x":20,"y":20}}},"selection":["node:1"],"view":{"scroll":{"x":-0.0651092529296875,"y":0.081298828125},"visible_rect":{"max":{"x":403.93487548828125,"y":636.081298828125},"min":{"x":-0.0651092529296875,"y":0.081298828125}},"zoom":1}}