{"nodes":null,"selection":null,"view":{"scroll":{"x":-140.029388427734375,"y":-594.7974853515625},"visible_rect":{"max":{"x":1376.1280517578125,"y":405.93084716796875},"min":{"x":-130.911834716796875,"y":-556.0692138671875}},"zoom":1.06964647769927979}}