{"nodes":null,"selection":null,"view":{"scroll":{"x":126.084335327148438,"y":-651.67364501953125},"visible_rect":{"max":{"x":1738.0843505859375,"y":377.32635498046875},"min":{"x":126.084335327148438,"y":-651.67364501953125}},"zoom":1}}