{"nodes":null,"selection":null,"view":{"scroll":{"x":-26.2534408569335938,"y":-71.62762451171875},"visible_rect":{"max":{"x":2114.3291015625,"y":1276.4967041015625},"min":{"x":-35.0045928955078125,"y":-95.503509521484375}},"zoom":0.749999880790710449}}