{"nodes":null,"selection":null,"view":{"scroll":{"x":-100.253440856933594,"y":-95.62762451171875},"visible_rect":{"max":{"x":2015.662353515625,"y":1244.4967041015625},"min":{"x":-133.6712646484375,"y":-127.503517150878906}},"zoom":0.749999880790710449}}