{"nodes":null,"selection":null,"view":{"scroll":{"x":-26.2533245086669922,"y":-71.6276321411132812},"visible_rect":{"max":{"x":2114.3291015625,"y":1276.4967041015625},"min":{"x":-35.0044364929199219,"y":-95.5035171508789062}},"zoom":0.749999940395355225}}